﻿<?xml version="1.0" encoding="utf-8" ?>
<Defs>

	<ThingDef Name="NanosuitBase" Abstract="True">
		<thingClass>Apparel</thingClass>
		<category>Item</category>
		<selectable>True</selectable>
		<pathCost>14</pathCost>
		<techLevel>Archotech</techLevel>
		<graphicData>
			<onGroundRandomRotateAngle>35</onGroundRandomRotateAngle>
		</graphicData>
		<drawGUIOverlay>true</drawGUIOverlay>
		<statBases>
			<Flammability>0</Flammability>
			<Beauty>1</Beauty>
		</statBases>
		<altitudeLayer>Item</altitudeLayer>
		<alwaysHaulable>True</alwaysHaulable>
		<tickerType>Never</tickerType>
		<burnableByRecipe>true</burnableByRecipe>
		<smeltable>true</smeltable>
		<comps>
			<li Class="CompProperties_Forbiddable"/>
			<li>
				<compClass>CompColorable</compClass>
			</li>
		</comps>
	</ThingDef>

	<ThingDef Name="ApparelArmorNanoSuitBase" ParentName="NanosuitBase" Abstract="True">
		<techLevel>Spacer</techLevel>
		<recipeMaker>
			<unfinishedThingDef>UnfinishedTechArmor</unfinishedThingDef>
			<researchPrerequisite>PoweredArmor</researchPrerequisite>
			<skillRequirements>
				<Crafting>20</Crafting>
			</skillRequirements>
			<recipeUsers Inherit="False">
				<li>FabricationBench</li>
			</recipeUsers>
			<workSpeedStat>GeneralLaborSpeed</workSpeedStat>
			<workSkill>Crafting</workSkill>
			<effectWorking>Smith</effectWorking>
			<soundWorking>Recipe_Machining</soundWorking>

			<defaultIngredientFilter>
				<categories>
					<li>Root</li>
				</categories>
				<disallowedThingDefs>
					<li>Gold</li>
					<li>Silver</li>
					<li>Plasteel</li>
					<li>Jade</li>
					<li>Uranium</li>
				</disallowedThingDefs>
			</defaultIngredientFilter>
		</recipeMaker>
		<graphicData>
			<texPath>Things/Pawn/Humanlike/Apparel/Nanosuit/Nanosuit</texPath>
			<graphicClass>Graphic_Single</graphicClass>
		</graphicData>
		<generateCommonality>0.0001</generateCommonality>
		<statBases>
			<WorkToMake>60000</WorkToMake>
			<Mass>12</Mass>
			<ArmorRating_Sharp>1.0</ArmorRating_Sharp>
			<ArmorRating_Blunt>1.0</ArmorRating_Blunt>
			<ArmorRating_Heat>1.0</ArmorRating_Heat>
			<Insulation_Cold>100</Insulation_Cold>
			<Insulation_Heat>100</Insulation_Heat>
			<EquipDelay>14</EquipDelay>
		</statBases>
		<equippedStatOffsets>
			<MoveSpeed>1.0</MoveSpeed>
		</equippedStatOffsets>
		<thingCategories>
			<li>ApparelArmor</li>
		</thingCategories>
		<tradeTags>
			<li>HiTechArmor</li>
		</tradeTags>
		<costList>
			<ComponentSpacer>30</ComponentSpacer>
			<Plasteel>100</Plasteel>
			<Uranium>20</Uranium>
			<Hyperweave>100</Hyperweave>
			<AIPersonaCore>4</AIPersonaCore>
			<Silver>3500</Silver>
		</costList>
		<apparel>
			<bodyPartGroups>
				<li>Torso</li>
				<li>Neck</li>
				<li>Shoulders</li>
				<li>Arms</li>
				<li>Legs</li>
			</bodyPartGroups>
			<wornGraphicPath>Things/Pawn/Humanlike/Apparel/Nanosuit/Nanosuit</wornGraphicPath>
			<layers>
				<li>Shell</li>
			</layers>
			<defaultOutfitTags>
				<li>Soldier</li>
			</defaultOutfitTags>
			<useDeflectMetalEffect>true</useDeflectMetalEffect>
		</apparel>
		<useHitPoints>false</useHitPoints>
		<thingSetMakerTags>
			<li>RewardStandardHighFreq</li>
		</thingSetMakerTags>
		<comps>
			<li Class="CompProperties_BiocodableApparel"/>
		</comps>
	</ThingDef>

	<Nanosuit.NanosuitDef ParentName="ApparelArmorNanoSuitBase">
		<defName>NS_Apparel_Nanosuit</defName>
		<label>nano suit</label>
		<description>Placeholder</description>
		<thingClass>Nanosuit.Apparel_Nanosuit</thingClass>
		<tickerType>Normal</tickerType>
		<apparel>
			<tags>
				<li>SpacerMilitary</li>
				<li>EVA</li>
			</tags>
		</apparel>
		<energyRegenerationPerTick>0.05</energyRegenerationPerTick>
		<maxEnergyAmount>200</maxEnergyAmount>
		<armorMode>
			<meleeDamageAbsorbingRate>0.033</meleeDamageAbsorbingRate>
			<rangeDamageAbsorbingRate>0.033</rangeDamageAbsorbingRate>
			<explosionDamageAbsorbingRate>0.033</explosionDamageAbsorbingRate>
		</armorMode>
		<strengthMode>
			<meleeCriticalChance>1</meleeCriticalChance>
			<meleeCriticalEnergyConsumption>10</meleeCriticalEnergyConsumption>
			<minAccuracyValue>1</minAccuracyValue>
			<jumpAbility>true</jumpAbility>
			<jumpMaxDistance>500</jumpMaxDistance>
			<jumpEnergyConsumption>1</jumpEnergyConsumption>
		</strengthMode>
		<speedMode>
			<movementSpeedFactor>5</movementSpeedFactor>
			<energyConsumptionPerTickWhenActive>0</energyConsumptionPerTickWhenActive>
			<jumpChance>1</jumpChance>
			<canJumpInCombat>true</canJumpInCombat>
			<canJumpOutsideCombat>true</canJumpOutsideCombat>
			<jumpMaxDistance>500</jumpMaxDistance>
			<jumpEnergyConsumption>0</jumpEnergyConsumption>
			<meleeCooldownFactor>0.1</meleeCooldownFactor>
			<meleeCooldownFactorEnergyConsumption>10</meleeCooldownFactorEnergyConsumption>
		</speedMode>
		<cloakMode>
			<energyConsumptionPerTickMoving>0.1</energyConsumptionPerTickMoving>
			<energyConsumptionPerTick>0.06</energyConsumptionPerTick>
		</cloakMode>
		<transceiverDevice>
			<maxRangeEffect>30</maxRangeEffect>
			<energyConsumption>10</energyConsumption>
		</transceiverDevice>
		<symbiosis>
			<healsPerTick>60</healsPerTick>
			<energyConsumption>10</energyConsumption>
		</symbiosis>
		<hardRemoval>
			<surgeryList>
				<li>NS_RemoveNanosuit</li>
			</surgeryList>
		</hardRemoval>
		<psychicWaveControl>
			<energyGainPerTickWhenActive>0.1</energyGainPerTickWhenActive>
		</psychicWaveControl>
		<environmentalControl>
			<temperatureProtectionRange>-200~200</temperatureProtectionRange>
			<energyConsumptionWhenActive>0.06</energyConsumptionWhenActive>
		</environmentalControl>
		<nightVisor>
			<accuracyBonus>10</accuracyBonus>
			<energyConsumptionPerTickWhenActive>0.1</energyConsumptionPerTickWhenActive>
		</nightVisor>
		<rebreather>true</rebreather>
	</Nanosuit.NanosuitDef>

	<HediffDef>
		<defName>NS_CloakMode</defName>
		<label>cloak mode</label>
		<description>cloak mode</description>
		<isBad>false</isBad>
		<hediffClass>HediffWithComps</hediffClass>
		<comps>
			<li Class="HediffCompProperties">
				<compClass>HediffComp_Invisibility</compClass>
			</li>
			<li Class="HediffCompProperties_DisappearsOnDeath"/>
		</comps>
	</HediffDef>

	<RecipeDef ParentName="SurgeryFlesh">
		<defName>NS_RemoveNanosuit</defName>
		<label>remove nanosuit</label>
		<description>Remove nanosuit.</description>
		<descriptionHyperlinks>
			<ThingDef>NS_Apparel_Nanosuit</ThingDef>
		</descriptionHyperlinks>
		<workerClass>Nanosuit.Recipe_RemoveNanosuit</workerClass>
		<jobString>Removing nanosuit.</jobString>
		<uiIconThing>NS_Apparel_Nanosuit</uiIconThing>
		<workAmount>2000</workAmount>
		<hideBodyPartNames>true</hideBodyPartNames>
		<targetsBodyPart>false</targetsBodyPart>
		<surgerySuccessChanceFactor>0.5</surgerySuccessChanceFactor>
		<ingredients>
			<li>
				<filter>
					<categories>
						<li>Medicine</li>
					</categories>
				</filter>
				<count>1</count>
			</li>
		</ingredients>
		<fixedIngredientFilter>
			<categories>
				<li>Medicine</li>
			</categories>
		</fixedIngredientFilter>
	</RecipeDef>


</Defs>
